userNo,passwordHash
1000001,$2a$10$kzqu34dgD.UD9FJu4yV6L.lhdCXEVYxRr5ZOEY9EtQ8ZglL5EXk5S
1000002,$2b$10$S567VSqNz39z4uHStYZM4uSVauhkDCRbfOf97vsfLK7NxoeuPV1xe
1000003,$2b$10$Tk7Tx6cI3qIF1J3zByXlBeNjXmGaKcjL99anGT7zC.G.jRjNxNdE2
1000004,$2b$10$GlJwvky98elrekTWZTY5zOoTeVjnfu66dxkb7ZGq4AlkMpU86opVa
1000005,$2b$10$XqNI5kABb0UIo4AYkhq1UeVxaA96mhuss/Rvj.gtmFPj7KF1RB0Le
1000006,$2b$10$GQNSCuCCs1Uvf6F3D80s9OTyAbwORnCH6FUrp7qg6OEjkONBYMgSu
1000007,$2b$10$U5X2ywoIfuVXTEKjxkRDT.lMJaXftT1zLtXM0UTPDVB.Qg.bd2dG2
1000008,$2b$10$Z9ENVS5xiFhVlRqolxjMLuI4hHW.k4ro8MF5.YaWb4.nnPJHMlTsK
1000009,$2b$10$BpnOSTukhmA8stvNkaocauvxQstELbfMaOyDXb/t47JIE0DI/IIRW
1000010,$2b$10$lA3MURlN/SiKjuzsM76tGOQL1HvKEKJYVaao5kTaytFr3P6707OrK
1000011,$2b$10$p0pL29V8OGoDRarhrBss0OPr.6XrFKpZq5kSBsKoxrSHDBv0vcb.q
1000012,$2b$10$LvOEleRqrcJb9Bw3jVM95eZbo37kcU0C2pUx7dwz54gBRhhBTQta.
1000013,$2b$10$ZQBtGfRBypDvIyAp2bIzjeDEx6AGmQFXFAW2RiJVJlH0ezjapl5r.
1000014,$2b$10$RQLnClNRE4.gvlAt3NjEreZBHusAi5UCMMbpXkydSuWF3WrxbIWpy
1000015,$2b$10$.h7RZ9pbPhbhz2XE2TElMuQYCs2bgj.D0WjJ6aKtLiLG5Mm4uMD.q
1000016,$2b$10$3Arp/tSd4Q0SLJBHQBXF1Oeq35TVME4Ptqyw.usgEAge3gs.b97Oq
1000017,$2b$10$fCyRjKqs6QJvt77vb0zyIeIkI0czIRSq40MNOmsfYSp5Ka0bJ8IHS
1000018,$2b$10$CaUOYk8uLaxmXlsTaC5b.OZY6uxAVZVC2WbvrDjoq2emH.C0KdQSa
1000019,$2b$10$887wUD3SrArzlR4rTrlZbORlamAqDCP4ESDAoxay8lXVNQxI14GeG
1000020,$2b$10$8dNsSmZ18xMSnxu2Zoc7r.GS2E9FtrwE1467bbjeJNNuRctpo3MDm
1000021,$2b$12$v/s/t9rJIhhHb9mmpj03u.F2DxO7HgV.ozjF27pmX55PSd.4pfPw6
